Lane,Sample_ID,Sample_Name,Sample_Plate,Sample_Well,I7_Index_ID,index,index2,Sample_Project,Description
6,Sample_58986,58986_ATTACTCG-TATAGCCT,,,,ATTACTCG,TATAGCCT,lauring,2
6,Sample_58987,58987_TCCGGAGA-TATAGCCT,,,,TCCGGAGA,TATAGCCT,lauring,3
6,Sample_58988,58988_CGCTCATT-TATAGCCT,,,,CGCTCATT,TATAGCCT,lauring,4
6,Sample_58989,58989_GAGATTCC-TATAGCCT,,,,GAGATTCC,TATAGCCT,lauring,5
6,Sample_58990,58990_ATTCAGAA-TATAGCCT,,,,ATTCAGAA,TATAGCCT,lauring,6
6,Sample_58991,58991_GAATTCGT-TATAGCCT,,,,GAATTCGT,TATAGCCT,lauring,7
6,Sample_58992,58992_CTGAAGCT-TATAGCCT,,,,CTGAAGCT,TATAGCCT,lauring,8
6,Sample_58993,58993_TAATGCGC-TATAGCCT,,,,TAATGCGC,TATAGCCT,lauring,10
6,Sample_58994,58994_ATTACTCG-ATAGAGGC,,,,ATTACTCG,ATAGAGGC,lauring,11
6,Sample_58995,58995_TCCGGAGA-ATAGAGGC,,,,TCCGGAGA,ATAGAGGC,lauring,12
6,Sample_58996,58996_CGCTCATT-ATAGAGGC,,,,CGCTCATT,ATAGAGGC,lauring,14
6,Sample_58997,58997_GAGATTCC-ATAGAGGC,,,,GAGATTCC,ATAGAGGC,lauring,15
6,Sample_58998,58998_ATTCAGAA-ATAGAGGC,,,,ATTCAGAA,ATAGAGGC,lauring,16
6,Sample_58999,58999_GAATTCGT-ATAGAGGC,,,,GAATTCGT,ATAGAGGC,lauring,17
6,Sample_59000,59000_CTGAAGCT-ATAGAGGC,,,,CTGAAGCT,ATAGAGGC,lauring,18
6,Sample_59001,59001_TAATGCGC-ATAGAGGC,,,,TAATGCGC,ATAGAGGC,lauring,19
6,Sample_59002,59002_ATTACTCG-CCTATCCT,,,,ATTACTCG,CCTATCCT,lauring,22
6,Sample_59003,59003_TCCGGAGA-CCTATCCT,,,,TCCGGAGA,CCTATCCT,lauring,25
6,Sample_59004,59004_CGCTCATT-CCTATCCT,,,,CGCTCATT,CCTATCCT,lauring,26
6,Sample_59005,59005_GAGATTCC-CCTATCCT,,,,GAGATTCC,CCTATCCT,lauring,27
6,Sample_59006,59006_ATTCAGAA-CCTATCCT,,,,ATTCAGAA,CCTATCCT,lauring,28
6,Sample_59007,59007_GAATTCGT-CCTATCCT,,,,GAATTCGT,CCTATCCT,lauring,29
6,Sample_59008,59008_CTGAAGCT-CCTATCCT,,,,CTGAAGCT,CCTATCCT,lauring,31
6,Sample_59009,59009_TAATGCGC-CCTATCCT,,,,TAATGCGC,CCTATCCT,lauring,33
6,Sample_59010,59010_ATTACTCG-GGCTCTGA,,,,ATTACTCG,GGCTCTGA,lauring,34
6,Sample_59011,59011_TCCGGAGA-GGCTCTGA,,,,TCCGGAGA,GGCTCTGA,lauring,39
6,Sample_59012,59012_CGCTCATT-GGCTCTGA,,,,CGCTCATT,GGCTCTGA,lauring,41
6,Sample_59013,59013_GAGATTCC-GGCTCTGA,,,,GAGATTCC,GGCTCTGA,lauring,42
6,Sample_59014,59014_ATTCAGAA-GGCTCTGA,,,,ATTCAGAA,GGCTCTGA,lauring,43
6,Sample_59015,59015_GAATTCGT-GGCTCTGA,,,,GAATTCGT,GGCTCTGA,lauring,46
6,Sample_59016,59016_CTGAAGCT-GGCTCTGA,,,,CTGAAGCT,GGCTCTGA,lauring,47
6,Sample_59017,59017_TAATGCGC-GGCTCTGA,,,,TAATGCGC,GGCTCTGA,lauring,49
6,Sample_59018,59018_ATTACTCG-AGGCGAAG,,,,ATTACTCG,AGGCGAAG,lauring,50
6,Sample_59019,59019_TCCGGAGA-AGGCGAAG,,,,TCCGGAGA,AGGCGAAG,lauring,51
6,Sample_59020,59020_CGCTCATT-AGGCGAAG,,,,CGCTCATT,AGGCGAAG,lauring,54
6,Sample_59021,59021_GAGATTCC-AGGCGAAG,,,,GAGATTCC,AGGCGAAG,lauring,55
6,Sample_59022,59022_ATTCAGAA-AGGCGAAG,,,,ATTCAGAA,AGGCGAAG,lauring,56
6,Sample_59023,59023_GAATTCGT-AGGCGAAG,,,,GAATTCGT,AGGCGAAG,lauring,57
6,Sample_59024,59024_CTGAAGCT-AGGCGAAG,,,,CTGAAGCT,AGGCGAAG,lauring,61
6,Sample_59025,59025_TAATGCGC-AGGCGAAG,,,,TAATGCGC,AGGCGAAG,lauring,64
6,Sample_59026,59026_ATTACTCG-TAATCTTA,,,,ATTACTCG,TAATCTTA,lauring,66
6,Sample_59027,59027_TCCGGAGA-TAATCTTA,,,,TCCGGAGA,TAATCTTA,lauring,67
6,Sample_59028,59028_CGCTCATT-TAATCTTA,,,,CGCTCATT,TAATCTTA,lauring,71
6,Sample_59029,59029_GAGATTCC-TAATCTTA,,,,GAGATTCC,TAATCTTA,lauring,72
6,Sample_59030,59030_ATTCAGAA-TAATCTTA,,,,ATTCAGAA,TAATCTTA,lauring,73
6,Sample_59031,59031_GAATTCGT-TAATCTTA,,,,GAATTCGT,TAATCTTA,lauring,74
6,Sample_59032,59032_CTGAAGCT-TAATCTTA,,,,CTGAAGCT,TAATCTTA,lauring,76
6,Sample_59033,59033_TAATGCGC-TAATCTTA,,,,TAATGCGC,TAATCTTA,lauring,78
6,Sample_59034,59034_ATTACTCG-CAGGACGT,,,,ATTACTCG,CAGGACGT,lauring,79
6,Sample_59035,59035_TCCGGAGA-CAGGACGT,,,,TCCGGAGA,CAGGACGT,lauring,80
6,Sample_59036,59036_CGCTCATT-CAGGACGT,,,,CGCTCATT,CAGGACGT,lauring,81
6,Sample_59037,59037_GAGATTCC-CAGGACGT,,,,GAGATTCC,CAGGACGT,lauring,82
6,Sample_59038,59038_ATTCAGAA-CAGGACGT,,,,ATTCAGAA,CAGGACGT,lauring,84
6,Sample_59039,59039_GAATTCGT-CAGGACGT,,,,GAATTCGT,CAGGACGT,lauring,85
6,Sample_59040,59040_CTGAAGCT-CAGGACGT,,,,CTGAAGCT,CAGGACGT,lauring,86
6,Sample_59041,59041_TAATGCGC-CAGGACGT,,,,TAATGCGC,CAGGACGT,lauring,88
6,Sample_59042,59042_CGGCTATG-CAGGACGT,,,,CGGCTATG,CAGGACGT,lauring,89
6,Sample_59043,59043_ATTACTCG-GTACTGAC,,,,ATTACTCG,GTACTGAC,lauring,94
6,Sample_59044,59044_TCCGGAGA-GTACTGAC,,,,TCCGGAGA,GTACTGAC,lauring,95
6,Sample_59045,59045_CGCTCATT-GTACTGAC,,,,CGCTCATT,GTACTGAC,lauring,98
6,Sample_59046,59046_GAGATTCC-GTACTGAC,,,,GAGATTCC,GTACTGAC,lauring,100
6,Sample_59047,59047_ATTCAGAA-GTACTGAC,,,,ATTCAGAA,GTACTGAC,lauring,101
6,Sample_59048,59048_GAATTCGT-GTACTGAC,,,,GAATTCGT,GTACTGAC,lauring,103
6,Sample_59049,59049_CTGAAGCT-GTACTGAC,,,,CTGAAGCT,GTACTGAC,lauring,104
6,Sample_59050,59050_CGGCTATG-TAATCTTA,,,,CGGCTATG,TAATCTTA,lauring,105
6,Sample_59051,59051_CGGCTATG-GTACTGAC,,,,CGGCTATG,GTACTGAC,lauring,106
6,Sample_59052,59052_TAATGCGC-GTACTGAC,,,,TAATGCGC,GTACTGAC,lauring,Brisbane
