"","Id","Copy_num","Vax","season","Intervention","HAI.Uruguay.preseason","HAI.Uruaguay.30.post.vax","HAI.WI.vax.preseason","HAI.WI.30.post.vax","NAI.WI.vax.preseason","NAI.WI.30.post.vax","HAI.NY.30.post.vax","HAI.WY.30.post.vax","HAI.post.vax","NAI.post.vax","Day.of.Infection.sample.collected","collection_date","HAI.geo","NAI.geo"
"1",400,13900,TRUE,"04-05","IIV",NA,NA,NA,NA,NA,NA,4096,512,512,NA,NA,NA,TRUE,NA
"2",401,21700000,FALSE,"04-05","PLACEBO",NA,NA,NA,NA,NA,NA,4,8,8,NA,NA,NA,FALSE,NA
"3",402,27300,TRUE,"04-05","LAIV",NA,NA,NA,NA,NA,NA,8,64,64,NA,NA,NA,TRUE,NA
"4",403,40500,TRUE,"04-05","LAIV",NA,NA,NA,NA,NA,NA,4,256,256,NA,NA,NA,TRUE,NA
"5",404,215000,FALSE,"04-05","PLACEBO",NA,NA,NA,NA,NA,NA,8,256,256,NA,NA,NA,TRUE,NA
"6",405,199,FALSE,"04-05","PLACEBO",NA,NA,NA,NA,NA,NA,4,64,64,NA,NA,NA,TRUE,NA
"7",406,27300,TRUE,"04-05","LAIV",NA,NA,NA,NA,NA,NA,8,128,128,NA,NA,NA,TRUE,NA
"8",407,16400,FALSE,"04-05","PLACEBO",NA,NA,NA,NA,NA,NA,NA,NA,NA,NA,NA,NA,NA,NA
"9",408,459,FALSE,"04-05","PLACEBO",NA,NA,NA,NA,NA,NA,4,256,256,NA,NA,NA,TRUE,NA
"10",409,2240,TRUE,"04-05","IIV",NA,NA,NA,NA,NA,NA,16,128,128,NA,NA,NA,TRUE,NA
"11",410,252,TRUE,"04-05","LAIV",NA,NA,NA,NA,NA,NA,NA,NA,NA,NA,NA,NA,NA,NA
"12",411,4170,FALSE,"04-05","PLACEBO",NA,NA,NA,NA,NA,NA,32,64,64,NA,NA,NA,TRUE,NA
"13",412,5920,TRUE,"04-05","IIV",NA,NA,NA,NA,NA,NA,128,128,128,NA,NA,NA,TRUE,NA
"14",413,4000,TRUE,"04-05","IIV",NA,NA,NA,NA,NA,NA,NA,NA,NA,NA,NA,NA,NA,NA
"15",414,34700,FALSE,"04-05","PLACEBO",NA,NA,NA,NA,NA,NA,NA,NA,NA,NA,NA,NA,NA,NA
"16",415,5580,TRUE,"04-05","LAIV",NA,NA,NA,NA,NA,NA,4,128,128,NA,NA,NA,TRUE,NA
"17",416,1590,TRUE,"04-05","IIV",NA,NA,NA,NA,NA,NA,128,1024,1024,NA,NA,NA,TRUE,NA
"18",417,874,TRUE,"04-05","LAIV",NA,NA,NA,NA,NA,NA,4,256,256,NA,NA,NA,TRUE,NA
"19",418,442,TRUE,"04-05","LAIV",NA,NA,NA,NA,NA,NA,8,8,8,NA,NA,NA,FALSE,NA
"20",419,345,TRUE,"04-05","LAIV",NA,NA,NA,NA,NA,NA,4,64,64,NA,NA,NA,TRUE,NA
"21",420,755,FALSE,"04-05","PLACEBO",NA,NA,NA,NA,NA,NA,4,4,4,NA,NA,NA,FALSE,NA
"22",421,460,FALSE,"04-05","PLACEBO",NA,NA,NA,NA,NA,NA,NA,NA,NA,NA,NA,NA,NA,NA
"23",422,190,TRUE,"04-05","LAIV",NA,NA,NA,NA,NA,NA,8,32,32,NA,NA,NA,TRUE,NA
"24",423,NA,TRUE,"04-05","LAIV",NA,NA,NA,NA,NA,NA,64,256,256,NA,NA,NA,TRUE,NA
"25",424,NA,TRUE,"04-05","IIV",NA,NA,NA,NA,NA,NA,NA,NA,NA,NA,NA,NA,NA,NA
"26",425,NA,TRUE,"04-05","LAIV",NA,NA,NA,NA,NA,NA,NA,NA,NA,NA,NA,NA,NA,NA
"27",426,1220,TRUE,"04-05","LAIV",NA,NA,NA,NA,NA,NA,4,64,64,NA,NA,NA,TRUE,NA
"28",427,1040,TRUE,"04-05","IIV",NA,NA,NA,NA,NA,NA,32,512,512,NA,NA,NA,TRUE,NA
"29",500,135,TRUE,"05-06","LAIV",NA,NA,NA,32,NA,NA,64,NA,64,NA,NA,NA,TRUE,NA
"30",501,6530,TRUE,"05-06","LAIV",NA,NA,NA,32,NA,NA,16,NA,16,NA,NA,NA,FALSE,NA
"31",502,164,TRUE,"05-06","LAIV",NA,NA,NA,16,NA,NA,32,NA,32,NA,NA,NA,TRUE,NA
"32",503,164000,FALSE,"05-06","PLACEBO",NA,NA,NA,64,NA,NA,32,NA,32,NA,NA,NA,TRUE,NA
"33",504,4430,TRUE,"05-06","IIV",NA,NA,NA,256,NA,NA,256,NA,256,NA,NA,NA,TRUE,NA
"34",505,1010,TRUE,"05-06","LAIV",NA,NA,NA,4,NA,NA,8,NA,8,NA,NA,NA,FALSE,NA
"35",506,9220,TRUE,"05-06","LAIV",NA,NA,NA,256,NA,NA,32,NA,32,NA,NA,NA,TRUE,NA
"36",507,131000,TRUE,"05-06","LAIV",NA,NA,NA,32,NA,NA,8,NA,8,NA,NA,NA,FALSE,NA
"37",508,24300,TRUE,"05-06","IIV",NA,NA,NA,64,NA,NA,128,NA,128,NA,NA,NA,TRUE,NA
"38",509,183000,TRUE,"05-06","IIV",NA,NA,NA,128,NA,NA,128,NA,128,NA,NA,NA,TRUE,NA
"39",510,428000,TRUE,"05-06","IIV",NA,NA,NA,128,NA,NA,128,NA,128,NA,NA,NA,TRUE,NA
"40",511,2280000,FALSE,"05-06","PLACEBO",NA,NA,NA,64,NA,NA,32,NA,32,NA,NA,NA,TRUE,NA
"41",512,2870,TRUE,"05-06","IIV",NA,NA,NA,128,NA,NA,8,NA,8,NA,NA,NA,FALSE,NA
"42",513,189,TRUE,"05-06","LAIV",NA,NA,NA,256,NA,NA,128,NA,128,NA,NA,NA,TRUE,NA
"43",514,124,TRUE,"05-06","LAIV",NA,NA,NA,16,NA,NA,8,NA,8,NA,NA,NA,FALSE,NA
"44",515,6150,TRUE,"05-06","LAIV",NA,NA,NA,32,NA,NA,16,NA,16,NA,NA,NA,FALSE,NA
"45",516,2190,FALSE,"05-06","PLACEBO",NA,NA,NA,4,NA,NA,4,NA,4,NA,NA,NA,FALSE,NA
"46",517,19500,TRUE,"05-06","IIV",NA,NA,NA,256,NA,NA,64,NA,64,NA,NA,NA,TRUE,NA
"47",518,879,TRUE,"05-06","LAIV",NA,NA,NA,32,NA,NA,16,NA,16,NA,NA,NA,FALSE,NA
"48",519,30.1,TRUE,"05-06","LAIV",NA,NA,NA,64,NA,NA,16,NA,16,NA,NA,NA,FALSE,NA
"49",520,318,TRUE,"05-06","LAIV",NA,NA,NA,32,NA,NA,8,NA,8,NA,NA,NA,FALSE,NA
"50",521,210,TRUE,"05-06","IIV",NA,NA,NA,128,NA,NA,64,NA,64,NA,NA,NA,TRUE,NA
"51",522,20,TRUE,"05-06","IIV",NA,NA,NA,64,NA,NA,16,NA,16,NA,NA,NA,FALSE,NA
"52",523,3690,FALSE,"05-06","PLACEBO",NA,NA,NA,4,NA,NA,4,NA,4,NA,NA,NA,FALSE,NA
"53",524,29300,FALSE,"05-06","LAIV",NA,NA,NA,64,NA,NA,64,NA,64,NA,NA,NA,TRUE,NA
"54",525,6990,TRUE,"05-06","IIV",NA,NA,NA,64,NA,NA,32,NA,32,NA,NA,NA,TRUE,NA
"55",526,404,TRUE,"05-06","IIV",NA,NA,NA,128,NA,NA,64,NA,64,NA,NA,NA,TRUE,NA
"56",527,75,TRUE,"05-06","LAIV",NA,NA,NA,128,NA,NA,64,NA,64,NA,NA,NA,TRUE,NA
"57",528,39.8,TRUE,"05-06","PLACEBO",NA,NA,NA,4,NA,NA,4,NA,4,NA,NA,NA,FALSE,NA
"58",529,206000,TRUE,"05-06","IIV",NA,NA,NA,128,NA,NA,64,NA,64,NA,NA,NA,TRUE,NA
"59",530,102000,TRUE,"05-06","IIV",NA,NA,NA,256,NA,NA,256,NA,256,NA,NA,NA,TRUE,NA
"60",531,1480,TRUE,"05-06","IIV",NA,NA,NA,512,NA,NA,64,NA,64,NA,NA,NA,TRUE,NA
"61",1,493,TRUE,"07-08","IIV",4,64,4,128,160,160,NA,NA,128,160,2,2008.01639344262,TRUE,TRUE
"62",2,10900,FALSE,"07-08","PLACEBO",4,4,64,32,80,80,NA,NA,32,80,6,2008.00819672131,FALSE,TRUE
"63",3,4730,FALSE,"07-08","PLACEBO",4,8,4,4,NA,NA,NA,NA,4,NA,3,2008.0218579235,FALSE,NA
"64",4,2150,FALSE,"07-08","PLACEBO",4,4,4,4,10,10,NA,NA,4,10,3,2008.0218579235,FALSE,FALSE
"65",5,1430,TRUE,"07-08","LAIV",16,64,4,32,10,20,NA,NA,32,20,4,2008.01639344262,FALSE,FALSE
"66",6,2020,FALSE,"07-08","PLACEBO",8,8,8,8,40,40,NA,NA,8,40,4,2008.03551912568,FALSE,TRUE
"67",7,27000,FALSE,"07-08","PLACEBO",4,4,8,8,10,10,NA,NA,8,10,2,2008.02732240437,FALSE,FALSE
"68",8,2180,FALSE,"07-08","PLACEBO",4,4,16,16,5,5,NA,NA,16,5,3,2008.02459016393,FALSE,FALSE
"69",9,463,TRUE,"07-08","LAIV",8,8,64,64,40,80,NA,NA,64,80,4,2008.03551912568,TRUE,TRUE
"70",10,2850,FALSE,"07-08","PLACEBO",64,32,256,512,20,20,NA,NA,512,20,3,2008.03551912568,TRUE,FALSE
"71",11,5120,TRUE,"07-08","LAIV",8,16,32,32,80,80,NA,NA,32,80,2,2008.03825136612,FALSE,TRUE
"72",12,6180,TRUE,"07-08","LAIV",4,32,4,64,10,20,NA,NA,64,20,2,2008.03825136612,TRUE,FALSE
"73",13,116,TRUE,"07-08","LAIV",4,4,32,256,20,20,NA,NA,256,20,2,2008.03825136612,TRUE,FALSE
"74",14,1730,TRUE,"07-08","LAIV",128,128,512,256,80,80,NA,NA,256,80,3,2008.03825136612,TRUE,TRUE
"75",15,1910,TRUE,"07-08","LAIV",4,4,8,256,40,40,NA,NA,256,40,3,2008.04098360656,TRUE,TRUE
"76",16,1120,TRUE,"07-08","LAIV",4,4,4,4,20,20,NA,NA,4,20,2,2008.04098360656,FALSE,FALSE
"77",17,12900,TRUE,"07-08","IIV",4,128,4,128,20,80,NA,NA,128,80,2,2008.03825136612,TRUE,TRUE
"78",18,4380,FALSE,"07-08","PLACEBO",8,8,4,4,5,5,NA,NA,4,5,5,2008.04098360656,FALSE,FALSE
"79",19,4520,TRUE,"07-08","LAIV",8,8,32,512,80,40,NA,NA,512,40,4,2008.03551912568,TRUE,TRUE
"80",20,627,TRUE,"07-08","LAIV",8,64,16,256,40,40,NA,NA,256,40,3,2008.03825136612,TRUE,TRUE
"81",21,5.44,TRUE,"07-08","LAIV",4,4,4,8,20,20,NA,NA,8,20,2,2008.05464480874,FALSE,FALSE
"82",22,5340,TRUE,"07-08","IIV",4,8,8,64,10,40,NA,NA,64,40,3,2008.05737704918,TRUE,TRUE
"83",23,138,TRUE,"07-08","LAIV",8,16,8,16,10,20,NA,NA,16,20,2,2008.04644808743,FALSE,FALSE
"84",24,159,TRUE,"07-08","LAIV",4,4,16,4,40,20,NA,NA,4,20,2,2008.04644808743,FALSE,FALSE
"85",25,6650,FALSE,"07-08","PLACEBO",4,4,8,8,20,40,NA,NA,8,40,2,2008.06010928962,FALSE,TRUE
"86",26,2310,TRUE,"07-08","LAIV",16,16,4,4,10,10,NA,NA,4,10,3,2008.05737704918,FALSE,FALSE
"87",27,18600,FALSE,"07-08","PLACEBO",4,4,16,16,20,20,NA,NA,16,20,4,2008.06010928962,FALSE,FALSE
"88",28,4290,TRUE,"07-08","LAIV",4,4,16,16,20,20,NA,NA,16,20,4,2008.06010928962,FALSE,FALSE
"89",29,19300,TRUE,"07-08","IIV",8,32,32,128,40,40,NA,NA,128,40,2,2008.06010928962,TRUE,TRUE
"90",30,523,TRUE,"07-08","LAIV",4,4,32,16,40,20,NA,NA,16,20,2,2008.05737704918,FALSE,FALSE
"91",31,2000,TRUE,"07-08","LAIV",8,8,8,8,5,5,NA,NA,8,5,2,2008.06284153005,FALSE,FALSE
"92",32,11.1,TRUE,"07-08","LAIV",8,16,8,256,40,80,NA,NA,256,80,1,2008.05737704918,TRUE,TRUE
"93",33,2740,FALSE,"07-08","PLACEBO",4,4,128,128,5,5,NA,NA,128,5,3,2008.06284153005,TRUE,FALSE
"94",34,167000,TRUE,"07-08","LAIV",8,8,64,64,80,80,NA,NA,64,80,2,2008.06284153005,TRUE,TRUE
"95",36,162,TRUE,"07-08","LAIV",8,16,16,64,10,10,NA,NA,64,10,2,2008.05737704918,TRUE,FALSE
"96",37,248,FALSE,"07-08","PLACEBO",64,64,512,512,40,80,NA,NA,512,80,2,2008.06284153005,TRUE,TRUE
"97",38,156,TRUE,"07-08","IIV",4,8,4,256,5,10,NA,NA,256,10,3,2008.06557377049,TRUE,FALSE
"98",39,33400,FALSE,"07-08","PLACEBO",4,4,8,8,5,10,NA,NA,8,10,2,2008.06557377049,FALSE,FALSE
"99",40,763,FALSE,"07-08","PLACEBO",4,4,8,8,40,40,NA,NA,8,40,4,2008.0737704918,FALSE,TRUE
"100",41,34900,TRUE,"07-08","IIV",4,32,4,1024,10,160,NA,NA,1024,160,4,2008.0737704918,TRUE,TRUE
"101",42,16600,FALSE,"07-08","PLACEBO",8,8,4,4,5,5,NA,NA,4,5,3,2008.06557377049,FALSE,FALSE
"102",43,9870,TRUE,"07-08","LAIV",4,4,8,8,10,10,NA,NA,8,10,2,2008.06284153005,FALSE,FALSE
"103",44,677,TRUE,"07-08","LAIV",16,8,64,64,20,40,NA,NA,64,40,4,2008.0737704918,TRUE,TRUE
"104",45,19.3,TRUE,"07-08","LAIV",8,128,8,32,160,160,NA,NA,32,160,5,2008.07650273224,FALSE,TRUE
"105",46,10100,TRUE,"07-08","LAIV",8,8,128,128,40,20,NA,NA,128,20,3,2008.07650273224,TRUE,FALSE
"106",47,2720,TRUE,"07-08","LAIV",4,4,128,128,NA,NA,NA,NA,128,NA,3,2008.07650273224,TRUE,NA
"107",48,77.8,FALSE,"07-08","PLACEBO",64,64,32,32,80,80,NA,NA,32,80,5,2008.07650273224,FALSE,TRUE
"108",49,28500,FALSE,"07-08","PLACEBO",4,4,32,32,20,40,NA,NA,32,40,3,2008.08196721311,FALSE,TRUE
"109",50,49400,TRUE,"07-08","IIV",128,1024,128,1024,80,80,NA,NA,1024,80,4,2008.0737704918,TRUE,TRUE
"110",51,17500,TRUE,"07-08","LAIV",16,16,64,64,20,20,NA,NA,64,20,2,2008.07923497268,TRUE,FALSE
"111",52,552,TRUE,"07-08","IIV",4,32,4,64,5,40,NA,NA,64,40,3,2008.07650273224,TRUE,TRUE
"112",53,16.7,TRUE,"07-08","LAIV",4,16,64,64,80,80,NA,NA,64,80,3,2008.07650273224,TRUE,TRUE
"113",54,25000,FALSE,"07-08","PLACEBO",4,4,8,8,40,40,NA,NA,8,40,4,2008.07923497268,FALSE,TRUE
"114",55,2610,FALSE,"07-08","PLACEBO",4,4,16,16,20,20,NA,NA,16,20,4,2008.08196721311,FALSE,FALSE
"115",56,1170,FALSE,"07-08","PLACEBO",8,4,16,16,40,40,NA,NA,16,40,2,2008.08469945355,FALSE,TRUE
"116",57,5720,TRUE,"07-08","LAIV",64,128,128,256,10,20,NA,NA,256,20,4,2008.08196721311,TRUE,FALSE
"117",58,381,TRUE,"07-08","LAIV",4,4,128,256,40,40,NA,NA,256,40,3,2008.09289617486,TRUE,TRUE
"118",59,322,TRUE,"07-08","LAIV",32,128,256,512,160,320,NA,NA,512,320,3,2008.09289617486,TRUE,TRUE
"119",60,74.8,TRUE,"07-08","IIV",8,64,8,512,40,80,NA,NA,512,80,2,2008.08469945355,TRUE,TRUE
"120",61,8070,TRUE,"07-08","LAIV",8,8,4,4,10,40,NA,NA,4,40,2,2008.10109289617,FALSE,TRUE
"121",62,32.2,TRUE,"07-08","LAIV",4,4,16,32,5,5,NA,NA,32,5,7,2008.10382513661,FALSE,FALSE
"122",63,67.9,TRUE,"07-08","LAIV",4,8,128,512,10,40,NA,NA,512,40,2,2008.09836065574,TRUE,TRUE
"123",64,7070,TRUE,"07-08","LAIV",32,128,256,512,40,40,NA,NA,512,40,3,2008.11202185792,TRUE,TRUE
"124",65,36.3,TRUE,"07-08","IIV",16,128,64,512,80,40,NA,NA,512,40,3,2008.10382513661,TRUE,TRUE
"125",66,29700,TRUE,"07-08","IIV",8,512,32,2048,40,320,NA,NA,2048,320,3,2008.11202185792,TRUE,TRUE
"126",67,1170,FALSE,"07-08","PLACEBO",4,4,128,128,80,160,NA,NA,128,160,5,2008.11202185792,TRUE,TRUE
"127",68,394,FALSE,"07-08","PLACEBO",4,4,4,4,10,5,NA,NA,4,5,5,2008.09836065574,FALSE,FALSE
"128",69,25.3,TRUE,"07-08","IIV",4,128,4,1024,40,40,NA,NA,1024,40,5,2008.0956284153,TRUE,TRUE
"129",70,362,TRUE,"07-08","IIV",4,256,8,512,20,20,NA,NA,512,20,4,2008.11202185792,TRUE,FALSE
"130",71,4280,TRUE,"07-08","LAIV",32,64,16,16,20,20,NA,NA,16,20,2,2008.09836065574,FALSE,FALSE
"131",72,1070,FALSE,"07-08","PLACEBO",1024,1024,2048,2048,80,80,NA,NA,2048,80,2,2008.09289617486,TRUE,TRUE
"132",73,9650,TRUE,"07-08","LAIV",128,128,1024,2048,640,640,NA,NA,2048,640,3,2008.10382513661,TRUE,TRUE
"133",74,10700,TRUE,"07-08","IIV",4,128,4,1024,40,160,NA,NA,1024,160,2,2008.09289617486,TRUE,TRUE
"134",75,98.2,FALSE,"07-08","PLACEBO",8,8,64,64,5,5,NA,NA,64,5,3,2008.09289617486,TRUE,FALSE
"135",76,1780,TRUE,"07-08","LAIV",32,32,64,128,80,160,NA,NA,128,160,4,2008.09289617486,TRUE,TRUE
"136",77,203,TRUE,"07-08","LAIV",4,4,8,8,5,5,NA,NA,8,5,2,2008.0956284153,FALSE,FALSE
"137",78,19200,TRUE,"07-08","IIV",64,128,128,256,40,80,NA,NA,256,80,4,2008.10382513661,TRUE,TRUE
"138",79,19200,TRUE,"07-08","LAIV",32,32,512,512,80,160,NA,NA,512,160,5,2008.12021857923,TRUE,TRUE
"139",80,1720,TRUE,"07-08","LAIV",128,1024,4,256,5,80,NA,NA,256,80,3,2008.1174863388,TRUE,TRUE
"140",81,19100,TRUE,"07-08","LAIV",512,256,128,128,40,80,NA,NA,128,80,2,2008.12021857923,TRUE,TRUE
"141",82,42300,TRUE,"07-08","LAIV",16,16,128,256,40,80,NA,NA,256,80,4,2008.1174863388,TRUE,TRUE
"142",83,734,TRUE,"07-08","LAIV",8,8,64,64,40,40,NA,NA,64,40,4,2008.11202185792,TRUE,TRUE
"143",84,1280,TRUE,"07-08","IIV",4,64,8,128,10,40,NA,NA,128,40,4,2008.12295081967,TRUE,TRUE
"144",85,16200,FALSE,"07-08","PLACEBO",4,4,4,4,20,20,NA,NA,4,20,3,2008.13114754098,FALSE,FALSE
"145",86,14000,FALSE,"07-08","PLACEBO",4,4,4,4,40,40,NA,NA,4,40,6,2008.13661202186,FALSE,TRUE
"146",87,339,TRUE,"07-08","LAIV",4,4,4,4,20,20,NA,NA,4,20,5,2008.13387978142,FALSE,FALSE
"147",88,5450,TRUE,"07-08","LAIV",64,64,8192,2048,20,40,NA,NA,2048,40,3,2008.13114754098,TRUE,TRUE
"148",89,9020,TRUE,"07-08","LAIV",128,128,4,16,10,40,NA,NA,16,40,3,2008.13114754098,FALSE,TRUE
"149",90,364,TRUE,"07-08","IIV",256,4096,16,2048,40,80,NA,NA,2048,80,5,2008.13387978142,TRUE,TRUE
"150",91,297,TRUE,"07-08","LAIV",8,16,32,128,80,40,NA,NA,128,40,7,2008.1393442623,TRUE,TRUE
"151",92,539,TRUE,"07-08","LAIV",16,16,256,128,NA,NA,NA,NA,128,NA,6,2008.13661202186,TRUE,NA
"152",93,281,TRUE,"07-08","LAIV",64,64,16,32,40,40,NA,NA,32,40,3,2008.15027322404,FALSE,TRUE
"153",94,1220,TRUE,"07-08","LAIV",4,4,4,4,20,80,NA,NA,4,80,4,2008.15027322404,FALSE,TRUE
"154",95,7920,FALSE,"07-08","PLACEBO",4,4,4,4,20,20,NA,NA,4,20,5,2008.15027322404,FALSE,FALSE
"155",96,502,TRUE,"07-08","IIV",4,32,8,256,20,40,NA,NA,256,40,4,2008.15846994536,TRUE,TRUE
"156",97,655,TRUE,"07-08","IIV",4,8,4,128,40,40,NA,NA,128,40,7,2008.1693989071,TRUE,TRUE
"157",98,10800,FALSE,"07-08","PLACEBO",4,4,8,8,20,20,NA,NA,8,20,3,2008.1693989071,FALSE,FALSE
"158",99,353,TRUE,"07-08","LAIV",4,128,8,128,20,80,NA,NA,128,80,4,2008.17759562842,TRUE,TRUE
"159",100,23100,TRUE,"07-08","IIV",256,256,512,512,10,20,NA,NA,512,20,4,2008.18852459016,TRUE,FALSE
"160",101,28300,FALSE,"07-08","PLACEBO",8,8,8,4,80,80,NA,NA,4,80,2,2008.18852459016,FALSE,TRUE
"161",102,310,TRUE,"07-08","IIV",4,128,16,512,10,40,NA,NA,512,40,4,2008.1912568306,TRUE,TRUE
"162",103,46700,TRUE,"07-08","IIV",4,64,16,512,20,40,NA,NA,512,40,2,2008.19398907104,TRUE,TRUE
"163",104,7200,TRUE,"07-08","LAIV",8,8,16,32,10,40,NA,NA,32,40,4,2008.19945355191,FALSE,TRUE
"164",105,1600,TRUE,"07-08","LAIV",16,16,256,512,20,20,NA,NA,512,20,4,2008.25136612022,TRUE,FALSE
"165",106,61100,TRUE,"07-08","LAIV",4,4,4,8,5,10,NA,NA,8,10,3,2008.24863387978,FALSE,FALSE
